<object-stream>
  <list>
    <Classes.Placemark>
      <type class="string">Landmark</type>
      <name>Sistine Chapel</name>
      <description></description>
      <xCoordinates>420</xCoordinates>
      <yCoordinates>299</yCoordinates>
    </Classes.Placemark>
    <Classes.Placemark>
      <type class="string">Landmark</type>
      <name>St.Peter&apos;s Basilica</name>
      <description></description>
      <xCoordinates>420</xCoordinates>
      <yCoordinates>306</yCoordinates>
    </Classes.Placemark>
    <Classes.Placemark>
      <type class="string">Landmark</type>
      <name>Colosseum</name>
      <description></description>
      <xCoordinates>647</xCoordinates>
      <yCoordinates>455</yCoordinates>
    </Classes.Placemark>
    <Classes.Placemark>
      <type class="string">Landmark</type>
      <name>Pantheon</name>
      <description></description>
      <xCoordinates>549</xCoordinates>
      <yCoordinates>321</yCoordinates>
    </Classes.Placemark>
    <Classes.Placemark>
      <type class="string">Landmark</type>
      <name>Terrazza del Pincio</name>
      <description></description>
      <xCoordinates>542</xCoordinates>
      <yCoordinates>191</yCoordinates>
    </Classes.Placemark>
    <Classes.Placemark>
      <type class="string">Landmark</type>
      <name>Bioparco di Roma</name>
      <description></description>
      <xCoordinates>615</xCoordinates>
      <yCoordinates>127</yCoordinates>
    </Classes.Placemark>
    <Classes.Placemark>
      <type class="string">Landmark</type>
      <name>Roman Forum</name>
      <description></description>
      <xCoordinates>598</xCoordinates>
      <yCoordinates>426</yCoordinates>
    </Classes.Placemark>
    <Classes.Placemark>
      <type class="string">Landmark</type>
      <name>Ponte Sisto</name>
      <description></description>
      <xCoordinates>506</xCoordinates>
      <yCoordinates>430</yCoordinates>
    </Classes.Placemark>
    <Classes.Placemark>
      <type class="string">Landmark</type>
      <name>Roma Termini</name>
      <description></description>
      <xCoordinates>695</xCoordinates>
      <yCoordinates>313</yCoordinates>
    </Classes.Placemark>
    <Classes.Placemark>
      <type class="string">Landmark</type>
      <name>Baths of Caracalla</name>
      <description></description>
      <xCoordinates>620</xCoordinates>
      <yCoordinates>561</yCoordinates>
    </Classes.Placemark>
  </list>
</object-stream>